"COD_CIA","COD_RAMO","COD_REGLA","DSNIVEL","FECHA_REGISTRO"
3,103,"103PTV001","1",
3,103,"103ZTZ001","S",17/04/15
3,131,"131STZ001","S",01/04/20
3,153,"153PTV001","C",
3,153,"153PTV002","4",
3,153,"153PTV003","1",
2,999,"200PTV500","1",
3,999,"200PTV500","1",
3,250,"201CTT001","4",
3,250,"201CTT004","P",
3,250,"201CTT008","C",
3,250,"201CTT016","4",
3,250,"201CTT541","C",
3,250,"201CTT999","C",
3,16,"201GTV030","C",
3,13,"201GTV030","C",
3,250,"201GTV030","C",
3,10,"201GTV030","C",
3,12,"201GTV030","C",
3,14,"201GTV030","C",
3,19,"201GTV030","C",
3,11,"201GTV030","C",
3,10,"201GTV050","4",
3,11,"201GTV050","4",
3,250,"201GTV050","4",
3,12,"201GTV050","4",
3,14,"201GTV050","4",
3,16,"201GTV050","4",
3,19,"201GTV050","4",
3,13,"201GTV050","4",
3,16,"201GTV060","1",
3,19,"201GTV060","1",
3,10,"201GTV060","1",
3,13,"201GTV060","1",
3,14,"201GTV060","1",
3,12,"201GTV060","1",
3,11,"201GTV060","1",
3,250,"201GTV060","1",
3,19,"201GTV064","D",
3,13,"201GTV064","D",
3,12,"201GTV064","D",
3,14,"201GTV064","D",
3,250,"201GTV064","D",
3,10,"201GTV064","D",
3,11,"201GTV064","D",
3,16,"201GTV064","D",
3,10,"201GTV066","1",
3,16,"201GTV066","1",
3,19,"201GTV066","1",
3,12,"201GTV066","1",
3,14,"201GTV066","1",
3,13,"201GTV066","1",
3,11,"201GTV066","1",
3,250,"201GTV100","D",
3,11,"201GTV100","D",
3,16,"201GTV100","D",
3,12,"201GTV100","D",
3,13,"201GTV100","D",
3,19,"201GTV100","D",
3,14,"201GTV100","D",
3,10,"201GTV100","D",
3,12,"201GTV101","D",
3,16,"201GTV101","D",
3,250,"201GTV101","D",
3,19,"201GTV101","D",
3,10,"201GTV101","D",
3,11,"201GTV101","D",
3,14,"201GTV101","D",
3,13,"201GTV101","D",
3,12,"201GTV102","D",
3,13,"201GTV102","D",
3,14,"201GTV102","D",
3,11,"201GTV102","D",
3,16,"201GTV102","D",
3,10,"201GTV102","D",
3,19,"201GTV102","D",
3,250,"201GTV102","D",
3,999,"201GTV105","F",
3,12,"201GTV106","D",
3,14,"201GTV106","D",
3,13,"201GTV106","D",
3,10,"201GTV106","D",
3,19,"201GTV106","D",
3,250,"201GTV106","D",
3,11,"201GTV106","D",
3,16,"201GTV106","D",
3,10,"201GTV107","1",
3,12,"201GTV107","1",
3,13,"201GTV107","1",
3,11,"201GTV107","1",
3,14,"201GTV107","1",
3,15,"201GTV107","1",
3,19,"201GTV107","1",
3,16,"201GTV107","1",
3,250,"201GTV107","1",
3,14,"201GTV108","1",
3,12,"201GTV108","1",
3,13,"201GTV108","1",
3,10,"201GTV108","1",
3,19,"201GTV108","1",
3,16,"201GTV108","1",
3,11,"201GTV108","1",
3,12,"201GTV109","D",
3,11,"201GTV109","D",
3,16,"201GTV109","D",
3,14,"201GTV109","D",
3,13,"201GTV109","D",
3,250,"201GTV109","D",
3,19,"201GTV109","D",
3,10,"201GTV109","D",
3,16,"201GTV110","D",
3,250,"201GTV110","D",
3,10,"201GTV110","D",
3,11,"201GTV110","D",
3,13,"201GTV110","D",
3,14,"201GTV110","D",
3,12,"201GTV110","D",
3,19,"201GTV110","D",
3,14,"201GTV112","D",
3,12,"201GTV112","D",
3,10,"201GTV112","D",
3,19,"201GTV112","D",
3,250,"201GTV112","D",
3,13,"201GTV112","D",
3,11,"201GTV112","D",
3,16,"201GTV112","D",
3,14,"201GTV116","C",
3,13,"201GTV116","C",
3,250,"201GTV116","C",
3,11,"201GTV116","C",
3,12,"201GTV116","C",
3,16,"201GTV116","C",
3,10,"201GTV116","C",
3,19,"201GTV116","C",
3,19,"201GTV118","1",
3,16,"201GTV118","1",
3,250,"201GTV118","1",
3,10,"201GTV118","1",
3,11,"201GTV118","1",
3,13,"201GTV118","1",
3,17,"201GTV118","1",
3,14,"201GTV118","1",
3,12,"201GTV118","1",
3,17,"201GTV120","D",
3,17,"201GTV122","1",
3,250,"201GTV124","A",
3,14,"201GTV124","A",
3,13,"201GTV124","A",
3,16,"201GTV124","A",
3,11,"201GTV124","A",
3,10,"201GTV124","A",
3,19,"201GTV124","A",
3,12,"201GTV124","A",
3,17,"201GTV126","1",
3,11,"201GTV129","4",
3,16,"201GTV129","4",
3,19,"201GTV129","4",
3,10,"201GTV129","4",
3,12,"201GTV129","4",
3,14,"201GTV129","4",
3,13,"201GTV129","4",
3,13,"201GTV131","D",
3,14,"201GTV131","D",
3,19,"201GTV131","D",
3,16,"201GTV131","D",
3,12,"201GTV131","D",
3,10,"201GTV131","D",
3,250,"201GTV131","D",
3,11,"201GTV131","D",
3,18,"201GTV134","C",
3,999,"201GTV138","1",
3,3,"201GTV141","1",
3,3,"201GTV142","C",
3,250,"201GTV143","C",
3,250,"201GTV145","C",
3,999,"201GTV148","C",
3,250,"201GTV440","1",
3,250,"201GTV441","1",
3,250,"201GTV500","D",
3,250,"201GTV600","C",
3,250,"201GTV601","1",
3,250,"201GTV670","1",
3,250,"201GTV672","1",
3,250,"201GTV674","1",
3,250,"201GVV720","D",
3,250,"201GVV740","D",
3,21,"201PTV138","1",
3,250,"201PTV139","4",
3,250,"201PTV150","C",
3,250,"201PTV201","D",
3,250,"201PTV226","D",
3,250,"201PTV228","1",
3,250,"201PTV230","1",
3,250,"201PTV300","1",
3,250,"201PTV301","C",
3,250,"201PTV401","D",
3,250,"201PTV405","C",
3,250,"201PTV406","1",
3,250,"201PTV459","C",
3,250,"201PTV493","C",
3,250,"201PTV494","1",
3,250,"201PTV900","C",
3,250,"201PVV020","1",
3,999,"202PCV005","4",
3,100,"202PTV010","C",
3,100,"202PTV011","C",
3,100,"202PTV012","C",
3,100,"202PTV015","C",
3,200,"203PTV005","C",
3,200,"203PTV008","C",
3,200,"203PTV009","C",
3,200,"203PTV011","C",
3,200,"203PTV012","C",
3,200,"203PTV016","1",
3,200,"203PTV016","C",
3,200,"203PTV017","1",
3,200,"203PTV025","C",
3,200,"203PTV029","C",
3,200,"203PTV032","C",
3,200,"203PTV034","C",
3,200,"203PTV036","C",
3,200,"203PTV038","C",
3,200,"203PTV040","C",
3,200,"203PTV042","C",
3,200,"203PTV105","C",
3,200,"203PTV108","C",
3,445,"204CTT001","1",
3,445,"204CTT002","1",
3,999,"204GTV001","4",
3,214,"204GTV001","4",
3,999,"204GTV001","4",
3,999,"204GTV001","4",
3,999,"204GTV001","4",
3,999,"204GTV001","4",
3,999,"204GTV001","4",
3,460,"204PCC403","C",
3,480,"204PCC403","C",
3,460,"204PCC404","C",
3,480,"204PCC404","C",
3,480,"204PCC433","C",
3,460,"204PCC433","C",
3,460,"204PCC434","C",
3,480,"204PCC434","C",
3,460,"204PCC435","C",
3,470,"204PCC435","C",
3,480,"204PCC435","C",
3,480,"204PCC436","C",
3,455,"204PCC436","C",
3,460,"204PCC436","C",
3,440,"204PCC436","C",
3,450,"204PCC436","C",
3,470,"204PCC436","C",
3,450,"204PCC437","C",
3,440,"204PCC437","C",
3,480,"204PCC437","C",
3,455,"204PCC437","C",
3,455,"204PCC441","C",
3,440,"204PCC441","C",
3,460,"204PCC441","C",
3,470,"204PCC441","C",
3,480,"204PCC441","C",
3,450,"204PCC441","C",
3,460,"204PCC451","C",
3,455,"204PCC451","C",
3,440,"204PCC451","C",
3,480,"204PCC451","C",
3,450,"204PCC451","C",
3,470,"204PCC451","C",
3,455,"204PCC454","1",
3,480,"204PCC454","1",
3,470,"204PCC454","1",
3,440,"204PCC454","1",
3,460,"204PCC454","1",
3,481,"204PCC454","1",
3,450,"204PCC454","1",
3,460,"204PCC465","1",
3,480,"204PTV050","1",
3,440,"204PTV050","1",
3,450,"204PTV050","1",
3,455,"204PTV050","1",
3,470,"204PTV052","1",
3,450,"204PTV053","1",
3,444,"204PTV053","1",
3,455,"204PTV053","1",
3,480,"204PTV053","1",
3,440,"204PTV060","1",
3,460,"204PTV060","1",
3,455,"204PTV060","1",
3,470,"204PTV060","1",
3,450,"204PTV060","1",
3,480,"204PTV060","1",
3,455,"204PTV065","4",
3,450,"204PTV071","1",
3,455,"204PTV071","1",
3,440,"204PTV071","1",
3,480,"204PTV071","1",
3,214,"204PTV072","1",
3,444,"204PTV072","1",
3,213,"204PTV072","1",
3,481,"204PTV072","1",
3,440,"204PTV074","C",
3,455,"204PTV074","C",
3,450,"204PTV074","C",
3,480,"204PTV074","C",
3,440,"204PTV401","1",
3,455,"204PTV401","1",
3,450,"204PTV401","1",
3,470,"204PTV401","1",
3,470,"204PTV402","1",
3,470,"204PTV403","1",
3,455,"204PTV403","1",
3,440,"204PTV403","1",
3,455,"204PTV404","C",
3,440,"204PTV404","C",
3,450,"204PTV404","C",
3,470,"204PTV404","C",
3,455,"204PTV405","C",
3,440,"204PTV405","C",
3,450,"204PTV405","C",
3,450,"204PTV406","1",
3,455,"204PTV406","1",
3,470,"204PTV406","1",
3,440,"204PTV406","1",
3,455,"204PTV407","C",
3,470,"204PTV407","C",
3,455,"204PTV408","C",
3,450,"204PTV408","C",
3,440,"204PTV408","C",
3,470,"204PTV409","C",
3,450,"204PTV409","C",
3,455,"204PTV409","C",
3,440,"204PTV409","C",
3,440,"204PTV410","C",
3,450,"204PTV410","C",
3,455,"204PTV410","C",
3,450,"204PTV412","C",
3,440,"204PTV413","C",
3,450,"204PTV413","C",
3,455,"204PTV413","C",
3,470,"204PTV416","C",
3,455,"204PTV417","C",
3,450,"204PTV417","C",
3,440,"204PTV417","C",
3,455,"204PTV419","C",
3,440,"204PTV419","C",
3,450,"204PTV419","C",
3,999,"204PTV470","2",
3,440,"204PTV486","C",
3,450,"204PTV486","C",
3,470,"204PTV486","C",
3,455,"204PTV486","C",
3,481,"204PTV600","1",
3,444,"204PTV600","1",
3,5,"205PTV001","C",
3,5,"205PTV002","1",
3,5,"205PTV003","1",
3,5,"205PTV004","1",
3,5,"205PTV005","1",
3,5,"205PTV006","1",
3,5,"205PTV007","1",
3,5,"205PTV008","1",
3,5,"205PTV009","1",
3,999,"205PTV040","C",
3,1,"205PTV047","C",
3,90,"205PTV105","1",
3,76,"205PTV105","1",
3,78,"205PTV105","1",
3,77,"205PTV105","1",
3,75,"205PTV105","1",
3,79,"205PTV105","1",
3,1,"205PTV105","1",
3,74,"205PTV105","1",
3,150,"205PTV108","C",
3,119,"205PTV108","C",
3,74,"205PTV108","C",
3,115,"205PTV108","C",
3,77,"205PTV108","C",
3,75,"205PTV108","C",
3,78,"205PTV108","C",
3,200,"205PTV108","C",
3,1,"205PTV108","C",
3,112,"205PTV108","C",
3,154,"205PTV108","C",
3,109,"205PTV108","C",
3,117,"205PTV108","C",
3,160,"205PTV108","C",13/01/21
3,76,"205PTV108","C",
3,79,"205PTV108","C",
3,90,"205PTV108","C",
3,152,"205PTV108","C",
3,90,"205PTV118","C",
3,1,"205PTV118","C",
3,76,"205PTV142","C",
3,78,"205PTV142","C",
3,75,"205PTV142","C",
3,77,"205PTV142","C",
3,90,"205PTV142","C",
3,74,"205PTV142","C",
3,1,"205PTV142","C",
3,79,"205PTV142","C",
3,51,"205PTV153","1",
3,95,"205PTV154","C",
3,1,"205PTV154","C",
3,77,"205PTV154","C",
3,90,"205PTV154","C",
3,76,"205PTV154","C",
3,1,"205PTV159","4",
3,1,"205PTV175","1",
3,75,"205PTV175","1",
3,76,"205PTV175","1",
3,77,"205PTV175","1",
3,78,"205PTV175","1",
3,90,"205PTV175","1",
3,79,"205PTV175","1",
3,95,"205PTV175","1",
3,74,"205PTV175","1",
3,77,"205PTV200","C",
3,76,"205PTV200","C",
3,51,"205PTV400","1",
3,76,"205PTV445","1",
3,77,"205PTV445","1",
3,790,"207PCC051","C",
3,780,"207PCC051","C",
3,780,"207PCC053","C",
3,770,"207PCC053","C",
3,790,"207PCC053","C",
3,760,"207PCC053","C",
3,760,"207PTV001","C",
3,999,"207PTV010","C",
3,790,"207PTV011","C",
3,755,"207PTV050","4",
3,8,"208PTV001","1",
3,152,"208PTV004","C",
3,8,"208PTV005","C",
3,8,"208PTV006","C",
3,8,"208PTV019","C",
3,8,"208PTV020","C",
3,154,"208PTV026","C",
3,154,"208PTV050","C",
3,154,"208PTV051","C",
3,154,"208PTV052","C",
3,154,"208PTV056","C",
3,152,"208PTV056","C",
3,160,"208PTV057","C",13/01/21
3,150,"208PTV057","C",
3,154,"208PTV057","C",
3,910,"209PTV001","C",
3,910,"209PTV002","C",
3,999,"209PTV005","4",
3,220,"210PTV003","C",
3,218,"210PTV003","C",
3,215,"210PTV003","C",
3,219,"210PTV003","C",
3,220,"210PTV035","C",
3,218,"210PTV035","C",
3,215,"210PTV035","C",
3,219,"210PTV035","C",
3,230,"210PTV200","1",
3,235,"210PTV200","1",
3,136,"210PTV200","1",
3,136,"210PTV201","1",
3,235,"210PTV201","1",
3,230,"210PTV201","1",
2,797,"210PTV202","1",
3,235,"210PTV202","1",
3,230,"210PTV202","1",
3,136,"210PTV202","1",
2,798,"210PTV202","1",
2,754,"210PTV202","1",
3,214,"210PTV401","C",
3,214,"210PTV402","1",
3,214,"210PTV403","1",
3,214,"210PTV404","C",
3,214,"210PTV405","C",
3,214,"210PTV490","C",
3,999,"210PTV498","C",
3,999,"211PTV002","1",
3,999,"211PTV002","1",
3,999,"211PTV003","C",
3,999,"211PTV004","C",
3,999,"211PTV005","C",
3,999,"211PTV006","C",
3,999,"211PTV007","1",
3,130,"212PTV004","1",
3,125,"212PTV004","1",
3,120,"212PTV004","1",
3,120,"212PTV005","C",
3,125,"212PTV005","C",
3,130,"212PTV005","C",
3,999,"212PTV007","C",
3,120,"212PTV011","1",
3,130,"212PTV011","1",
3,125,"212PTV011","1",
3,130,"212PTV021","1",
3,125,"212PTV021","1",
3,120,"212PTV021","1",
3,160,"214PCV053","D",
3,152,"214PTV010","C",
3,160,"214PTV010","C",13/01/21
3,150,"214PTV010","C",
3,150,"214PTV019","C",
3,152,"214PTV019","C",
3,160,"214PTV019","C",13/01/21
3,152,"214PTV020","C",
3,152,"214PTV021","C",
3,160,"214PTV022","C",13/01/21
3,150,"214PTV022","C",
3,154,"214PTV022","C",
3,150,"214PTV029","C",
3,160,"214PTV029","C",13/01/21
3,160,"214PTV030","C",13/01/21
3,150,"214PTV030","C",
3,152,"214PTV030","C",
3,154,"214PTV030","C",
3,154,"214PTV031","1",
3,152,"214PTV031","1",
3,150,"214PTV031","1",
3,160,"214PTV031","1",13/01/21
3,152,"214PTV034","C",
3,154,"214PTV039","C",
3,152,"214PTV045","C",
3,152,"214PTV050","C",
3,160,"214PTV050","C",13/01/21
3,154,"214PTV050","C",
3,150,"214PTV050","C",
3,155,"214PTV057","C",
3,153,"214PTV060","4",
3,160,"214PTV061","C",
3,160,"214PTV080","5",
3,160,"214PTV213","D",
3,160,"214PTV214","D",
3,150,"214PTV226","C",
3,160,"214PTV226","C",13/01/21
3,160,"214PTV228","C",13/01/21
3,150,"214PTV228","C",
3,150,"214PTV230","C",
3,160,"214PTV230","C",13/01/21
3,160,"214PTV300","D",
3,160,"214PTV302","C",
3,160,"214PTV304","9",
3,160,"214PTV306","D",
3,160,"214PTV308","D",
3,160,"214PTV310","D",
3,160,"214PTV313","4",
3,160,"214PTV340","4",
3,160,"214PTV341","1",13/01/21
3,160,"214PTV342","D",
3,153,"214PTV343","D",
3,160,"214PVV322","4",
3,40,"215PTV001","1",
3,45,"215PTV001","1",
3,35,"215PTV001","1",
3,35,"215PTV003","C",
3,40,"215PTV009","C",
3,40,"215PTV011","1",
3,35,"215PTV013","C",
3,35,"215PTV015","1",
3,35,"215PTV016","1",
3,35,"215PTV019","C",
3,45,"215PTV021","1",
3,45,"215PTV024","1",
3,45,"215PTV025","1",
3,40,"215PTV026","1",
3,45,"215PTV028","1",
3,40,"215PTV030","1",
3,40,"215PTV031","C",
3,40,"215PTV033","1",
3,45,"215PTV033","1",
3,45,"215PTV201","C",
3,40,"215PTV201","C",
2,541,"218PTV540","C",
2,540,"218PTV540","C",
2,821,"220PCC238","C",
2,721,"220PCI035","C",
2,793,"220PCI035","C",
2,796,"220PCI035","C",
2,797,"220PRC797","C",
2,710,"220PTV015","1",
2,712,"220PTV015","1",
2,765,"220PTV015","1",
2,766,"220PTV015","1",
2,716,"220PTV015","1",
2,756,"220PTV015","1",
2,718,"220PTV015","1",
2,754,"220PTV015","1",
2,721,"220PTV015","1",
2,799,"220PTV015","1",
2,791,"220PTV015","1",
3,506,"220PTV015","1",
2,761,"220PTV015","1",
2,792,"220PTV015","1",
2,725,"220PTV015","1",
2,749,"220PTV015","1",
3,501,"220PTV015","1",
2,796,"220PTV015","1",
3,500,"220PTV015","1",
2,723,"220PTV015","1",
2,714,"220PTV015","1",
2,794,"220PTV015","1",
2,759,"220PTV015","1",
2,540,"220PTV015","1",
2,541,"220PTV015","1",
2,795,"220PTV015","1",
2,793,"220PTV015","1",
2,726,"220PTV015","1",
2,798,"220PTV015","1",
2,727,"220PTV015","1",
2,742,"220PTV015","1",
2,743,"220PTV015","1",
2,797,"220PTV015","1",
2,719,"220PTV015","1",
2,717,"220PTV015","1",
2,741,"220PTV015","1",
2,764,"220PTV015","1",
2,710,"220PTV031","1",
2,712,"220PTV031","1",
2,764,"220PTV031","1",
2,717,"220PTV031","1",
2,719,"220PTV031","1",
2,797,"220PTV031","1",
2,743,"220PTV031","1",
2,726,"220PTV031","1",
2,742,"220PTV031","1",
2,727,"220PTV031","1",
2,798,"220PTV031","1",
2,793,"220PTV031","1",
2,795,"220PTV031","1",
2,759,"220PTV031","1",
2,794,"220PTV031","1",
2,714,"220PTV031","1",
2,723,"220PTV031","1",
2,796,"220PTV031","1",
2,749,"220PTV031","1",
2,765,"220PTV031","1",
2,766,"220PTV031","1",
2,756,"220PTV031","1",
2,718,"220PTV031","1",
2,754,"220PTV031","1",
2,721,"220PTV031","1",
2,799,"220PTV031","1",
2,715,"220PTV031","1",
2,791,"220PTV031","1",
2,761,"220PTV031","1",
2,792,"220PTV031","1",
2,741,"220PTV031","1",
2,725,"220PTV031","1",
2,797,"220PTV032","1",
2,761,"220PTV032","1",
2,798,"220PTV032","1",
2,754,"220PTV032","1",
2,721,"220PTV032","1",
2,796,"220PTV032","1",
2,793,"220PTV032","1",
2,791,"220PTV032","1",
2,749,"220PTV033","C",
2,765,"220PTV033","C",
2,794,"220PTV033","C",
2,714,"220PTV033","C",
2,764,"220PTV033","C",
2,719,"220PTV033","C",
2,792,"220PTV033","C",
2,723,"220PTV033","C",
2,743,"220PTV033","C",
2,712,"220PTV043","1",
2,718,"220PTV043","1",
2,717,"220PTV043","1",
2,725,"220PTV043","1",
2,765,"220PTV043","1",
2,719,"220PTV043","1",
2,741,"220PTV043","1",
2,743,"220PTV043","1",
2,716,"220PTV043","1",
2,742,"220PTV043","1",
2,799,"220PTV043","1",
2,726,"220PTV043","1",
2,792,"220PTV043","1",
2,795,"220PTV043","1",
2,759,"220PTV043","1",
2,710,"220PTV043","1",
2,794,"220PTV043","1",
2,766,"220PTV043","1",
2,714,"220PTV043","1",
2,756,"220PTV043","1",
2,723,"220PTV043","1",
2,764,"220PTV043","1",
2,749,"220PTV043","1",
2,717,"220PTV045","1",
2,743,"220PTV045","1",
2,719,"220PTV045","1",
2,759,"220PTV045","1",
2,742,"220PTV045","1",
2,726,"220PTV045","1",
2,795,"220PTV045","1",
2,794,"220PTV045","1",
2,714,"220PTV045","1",
2,723,"220PTV045","1",
2,725,"220PTV045","1",
2,749,"220PTV045","1",
2,741,"220PTV045","1",
2,799,"220PTV045","1",
2,792,"220PTV045","1",
2,756,"220PTV045","1",
2,718,"220PTV045","1",
2,716,"220PTV045","1",
2,766,"220PTV045","1",
2,765,"220PTV045","1",
2,764,"220PTV045","1",
2,712,"220PTV045","1",
2,710,"220PTV045","1",
2,710,"220PTV047","1",
2,764,"220PTV047","1",
2,765,"220PTV047","1",
2,766,"220PTV047","1",
2,716,"220PTV047","1",
2,718,"220PTV047","1",
2,756,"220PTV047","1",
2,792,"220PTV047","1",
2,799,"220PTV047","1",
2,741,"220PTV047","1",
2,725,"220PTV047","1",
2,723,"220PTV047","1",
2,714,"220PTV047","1",
2,794,"220PTV047","1",
2,795,"220PTV047","1",
2,726,"220PTV047","1",
2,742,"220PTV047","1",
2,727,"220PTV047","1",
2,759,"220PTV047","1",
2,719,"220PTV047","1",
2,743,"220PTV047","1",
2,717,"220PTV047","1",
2,712,"220PTV047","1",
2,716,"220PTV049","1",
2,715,"220PTV050","1",
2,715,"220PTV050","1",
2,764,"220PTV053","1",
2,765,"220PTV053","1",
2,766,"220PTV053","1",
2,758,"220PTV053","1",
2,795,"220PTV053","1",
2,716,"220PTV053","1",
2,718,"220PTV053","1",
2,756,"220PTV053","1",
2,754,"220PTV053","1",
2,715,"220PTV053","1",
2,715,"220PTV053","1",
2,787,"220PTV053","1",
2,791,"220PTV053","1",
2,761,"220PTV053","1",
2,792,"220PTV053","1",
2,799,"220PTV053","1",
2,712,"220PTV053","1",
2,741,"220PTV053","1",
2,725,"220PTV053","1",
2,757,"220PTV053","1",
2,796,"220PTV053","1",
2,723,"220PTV053","1",
2,714,"220PTV053","1",
2,794,"220PTV053","1",
2,738,"220PTV053","1",
2,798,"220PTV053","1",
2,726,"220PTV053","1",
2,742,"220PTV053","1",
2,759,"220PTV053","1",
2,797,"220PTV053","1",
2,719,"220PTV053","1",
2,743,"220PTV053","1",
2,717,"220PTV053","1",
2,710,"220PTV053","1",
2,721,"220PTV053","1",
2,718,"220PTV062","C",
2,741,"220PTV062","C",
2,726,"220PTV062","C",
2,759,"220PTV062","C",
2,725,"220PTV062","C",
2,715,"220PTV064","C",
2,715,"220PTV067","4",
2,715,"220PTV070","1",
2,715,"220PTV070","1",
2,765,"220PTV072","D",
2,766,"220PTV072","D",
2,795,"220PTV072","D",
2,714,"220PTV072","D",
2,718,"220PTV072","D",
2,756,"220PTV072","D",
2,799,"220PTV072","D",
2,712,"220PTV072","D",
2,741,"220PTV072","D",
2,749,"220PTV072","D",
2,725,"220PTV072","D",
2,723,"220PTV072","D",
2,794,"220PTV072","D",
2,792,"220PTV072","D",
2,727,"220PTV072","D",
2,726,"220PTV072","D",
2,719,"220PTV072","D",
2,742,"220PTV072","D",
2,743,"220PTV072","D",
2,717,"220PTV072","D",
2,710,"220PTV072","D",
2,764,"220PTV072","D",
2,726,"220PTV075","D",
2,742,"220PTV075","D",
2,743,"220PTV075","D",
2,717,"220PTV075","D",
2,712,"220PTV075","D",
2,741,"220PTV075","D",
2,725,"220PTV075","D",
2,723,"220PTV075","D",
2,719,"220PTV075","D",
2,794,"220PTV075","D",
2,792,"220PTV075","D",
2,714,"220PTV075","D",
2,718,"220PTV075","D",
2,795,"220PTV075","D",
2,710,"220PTV075","D",
2,742,"220PTV077","1",
2,738,"220PTV078","C",
2,787,"220PTV081","1",
2,757,"220PTV081","1",
2,758,"220PTV081","1",
2,738,"220PTV081","1",
2,738,"220PTV082","D",
2,787,"220PTV082","D",
2,758,"220PTV082","D",
2,757,"220PTV082","D",
2,738,"220PTV083","D",
2,787,"220PTV083","D",
2,787,"220PTV084","D",
2,757,"220PTV085","D",
2,758,"220PTV085","D",
2,738,"220PTV085","D",
2,726,"220PTV093","D",
2,727,"220PTV097","4",
2,726,"220PTV098","4",
2,742,"220PTV098","4",
2,738,"220PTV100","D",
2,787,"220PTV102","1",
2,787,"220PTV103","C",
2,787,"220PTV104","1",
2,796,"220PTV106","C",
2,721,"220PTV106","C",
2,798,"220PTV109","1",
2,797,"220PTV109","1",
2,761,"220PTV109","1",
2,754,"220PTV109","1",
2,761,"220PTV111","C",
2,759,"220PTV111","C",
2,754,"220PTV111","C",
2,756,"220PTV111","C",
2,749,"220PTV111","C",
2,744,"220PTV111","C",
2,743,"220PTV111","C",
2,742,"220PTV111","C",
2,727,"220PTV111","C",
2,726,"220PTV111","C",
2,725,"220PTV111","C",
2,716,"220PTV111","C",
2,715,"220PTV111","C",
2,798,"220PTV111","C",
2,797,"220PTV111","C",
2,793,"220PTV111","C",
2,710,"220PTV121","D",
2,764,"220PTV121","D",
2,765,"220PTV121","D",
2,765,"220PTV121","D",
2,766,"220PTV121","D",
2,719,"220PTV121","D",
2,717,"220PTV121","D",
2,799,"220PTV121","D",
2,792,"220PTV121","D",
2,792,"220PTV121","D",
2,721,"220PTV121","D",
2,799,"220PTV122","D",
2,721,"220PTV122","D",
2,719,"220PTV122","D",
2,717,"220PTV122","D",
2,765,"220PTV122","D",
2,766,"220PTV122","D",
2,710,"220PTV122","D",
2,792,"220PTV122","D",
2,764,"220PTV122","D",
2,792,"220PTV123","D",
2,717,"220PTV123","D",
2,764,"220PTV125","C",
2,710,"220PTV125","C",
2,799,"220PTV125","C",
2,765,"220PTV125","C",
2,792,"220PTV125","C",
2,719,"220PTV125","C",
2,766,"220PTV125","C",
2,721,"220PTV125","C",
2,717,"220PTV125","C",
2,958,"220PTV128","D",
2,956,"220PTV128","D",
2,954,"220PTV128","D",
2,766,"220PTV129","C",
2,765,"220PTV130","D",
2,764,"220PTV130","D",
2,721,"220PTV222","1",
3,150,"220PTV224","1",
3,160,"220PTV224","D",13/01/21
2,954,"220PTV280","4",
3,119,"223PTV014","C",
3,117,"223PTV015","C",
3,127,"223PTV080","5",
3,115,"223PTV200","C",
3,109,"223PTV200","C",
3,119,"223PTV200","C",
3,112,"223PTV200","C",
3,117,"223PTV200","C",
3,117,"223PTV210","C",
3,117,"223PTV240","1",
3,119,"223PTV247","C",
3,112,"223PTV247","C",
3,109,"223PTV247","C",
3,115,"223PTV247","C",
3,115,"223PTV255","C",
3,112,"223PTV255","C",
3,117,"223PTV255","C",
3,119,"223PTV255","C",
3,109,"223PTV255","C",
3,109,"223PTV270","C",
3,115,"223PTV270","C",
3,117,"223PTV270","C",
3,121,"223PTV273","1",
3,109,"223PTV400","D",
3,109,"223PTV405","D",
3,109,"223PTV415","D",
3,109,"223PTV420","1",
3,109,"223PTV430","D",
3,109,"223PTV435","C",
3,109,"223PTV440","C",
3,339,"223PVV311","9",
3,73,"223PVV311","9",
2,727,"224PCV102","4",
2,727,"224PTV011","1",
2,727,"224PVV900","C",
2,757,"226PTV001","D",
2,758,"226PTV001","D",
2,758,"226PTV004","D",
2,757,"226PTV004","D",
2,757,"226PTV007","D",
2,758,"226PTV007","D",
2,757,"226PTV010","D",
2,758,"226PTV010","D",
2,757,"226PTV012","1",
2,758,"226PTV012","1",
2,954,"230CTC954","1",
2,948,"230CTT001","1",
2,944,"230CTT001","1",
2,946,"230CTT001","1",
2,940,"230CTT001","1",
2,942,"230CTT001","1",
2,942,"230CTT003","C",
2,948,"230CTT003","C",
2,952,"230CTT702","C",
2,948,"230CTT900","C",
2,944,"230CTT900","C",
2,946,"230CTT900","C",
2,940,"230CTT900","C",
2,942,"230CTT900","C",
2,960,"230CTT901","C",
2,950,"230CTT901","C",
2,764,"230CTT902","C",
2,765,"230CTT902","C",
2,766,"230CTT902","C",
2,952,"230CTT902","D",
2,954,"230CTT902","D",
2,958,"230CTT902","4",
2,960,"230CTT902","D",
2,950,"230CTT902","D",
2,956,"230CTT902","D",
2,948,"230CTT902","C",
2,952,"230PCV758","C",
3,999,"230PTV016","1",
3,999,"230PTV018","1",
5,600,"230PTV020","D",
5,609,"230PTV021","C",
2,948,"230PTV061","C",
2,942,"230PTV061","C",
2,944,"230PTV061","C",
2,940,"230PTV061","C",
2,946,"230PTV061","C",
2,940,"230PTV062","C",
2,942,"230PTV062","C",
2,944,"230PTV062","C",
2,946,"230PTV062","C",
2,948,"230PTV062","C",
2,940,"230PTV090","4",
2,944,"230PTV090","4",
2,942,"230PTV090","4",
2,948,"230PTV090","4",
1,200,"230PTV099","1",
2,948,"230PTV110","1",
2,944,"230PTV110","1",
2,942,"230PTV110","1",
2,946,"230PTV110","1",
2,940,"230PTV110","1",
2,948,"230PTV112","1",
2,942,"230PTV112","1",
2,944,"230PTV112","1",
2,946,"230PTV112","1",
2,940,"230PTV112","1",
2,944,"230PTV114","D",
2,940,"230PTV114","D",
2,946,"230PTV114","D",
2,942,"230PTV114","D",
2,948,"230PTV114","D",
2,942,"230PTV116","D",
2,948,"230PTV116","D",
2,940,"230PTV116","D",
2,946,"230PTV116","D",
2,944,"230PTV116","D",
2,940,"230PTV118","D",
2,948,"230PTV118","D",
2,944,"230PTV118","D",
2,946,"230PTV118","D",
2,942,"230PTV118","D",
2,948,"230PTV120","D",
2,940,"230PTV120","D",
2,946,"230PTV120","D",
2,944,"230PTV120","D",
2,942,"230PTV120","D",
2,942,"230PTV122","D",
2,948,"230PTV122","D",
2,940,"230PTV122","D",
2,946,"230PTV122","D",
2,944,"230PTV122","D",
2,956,"230PTV122","D",
2,944,"230PTV126","D",
2,946,"230PTV126","D",
2,942,"230PTV126","D",
2,940,"230PTV126","D",
2,948,"230PTV126","D",
2,940,"230PTV128","C",
2,942,"230PTV128","C",
2,946,"230PTV128","C",
2,948,"230PTV128","C",
2,944,"230PTV128","C",
2,940,"230PTV130","D",
2,942,"230PTV130","D",
2,946,"230PTV130","D",
2,948,"230PTV130","D",
2,944,"230PTV130","D",
2,948,"230PTV132","4",
2,940,"230PTV132","4",
2,942,"230PTV132","4",
2,946,"230PTV132","4",
2,944,"230PTV132","4",
2,942,"230PTV134","D",
2,948,"230PTV134","D",
2,944,"230PTV134","D",
2,940,"230PTV134","D",
2,946,"230PTV134","D",
2,944,"230PTV136","C",
2,946,"230PTV136","C",
2,948,"230PTV136","C",
2,940,"230PTV136","C",
2,942,"230PTV136","C",
2,944,"230PTV138","D",
2,948,"230PTV138","D",
2,940,"230PTV138","D",
2,942,"230PTV138","D",
2,946,"230PTV138","D",
2,956,"230PTV151","4",
2,952,"230PTV151","4",
2,946,"230PTV151","4",
2,954,"230PTV151","4",
2,944,"230PTV151","4",
2,960,"230PTV151","4",
2,940,"230PTV151","4",
2,942,"230PTV151","4",
2,948,"230PTV151","4",
2,950,"230PTV151","4",
2,958,"230PTV151","4",
2,942,"230PTV152","C",
2,940,"230PTV152","C",
2,944,"230PTV152","C",
2,956,"230PTV152","C",
2,946,"230PTV152","C",
2,948,"230PTV152","C",
2,944,"230PTV153","C",
2,940,"230PTV153","C",
2,942,"230PTV153","C",
2,946,"230PTV153","C",
2,948,"230PTV153","C",
2,940,"230PTV154","1",
2,946,"230PTV154","1",
2,948,"230PTV154","1",
2,944,"230PTV154","1",
2,942,"230PTV154","1",
2,944,"230PTV155","C",
2,942,"230PTV155","C",
2,946,"230PTV155","C",
2,940,"230PTV155","C",
2,948,"230PTV155","C",
2,950,"230PTV156","C",
2,956,"230PTV156","C",
2,954,"230PTV156","C",
2,952,"230PTV156","C",
2,958,"230PTV156","C",
2,960,"230PTV156","C",
2,944,"230PTV156","C",
2,948,"230PTV156","C",
2,946,"230PTV156","C",
2,942,"230PTV156","C",
2,940,"230PTV156","C",
2,946,"230PTV157","C",
2,942,"230PTV157","C",
2,940,"230PTV157","C",
2,944,"230PTV157","C",
2,948,"230PTV157","C",
2,942,"230PTV158","C",
2,940,"230PTV158","C",
2,944,"230PTV158","C",
2,948,"230PTV158","C",
2,946,"230PTV158","C",
2,946,"230PTV160","C",
2,942,"230PTV160","C",
2,944,"230PTV160","C",
2,940,"230PTV160","C",
2,948,"230PTV160","C",
2,948,"230PTV163","C",
2,944,"230PTV163","C",
2,946,"230PTV163","C",
2,942,"230PTV163","C",
2,940,"230PTV163","C",
2,843,"230PTV191","4",
2,842,"230PTV191","4",
2,745,"230PTV191","4",
2,746,"230PTV191","4",
2,940,"230PTV191","4",
2,841,"230PTV191","4",
2,840,"230PTV191","4",
2,946,"230PTV191","4",
2,942,"230PTV191","4",
2,944,"230PTV191","4",
2,948,"230PTV191","4",
2,954,"230PTV191","4",
2,844,"230PTV191","4",
2,845,"230PTV191","4",
2,952,"230PTV191","4",
2,960,"230PTV191","4",
2,950,"230PTV191","4",
2,948,"230PTV226","C",
2,940,"230PTV226","C",
2,946,"230PTV226","C",
2,942,"230PTV226","C",
2,944,"230PTV226","C",
2,958,"230PTV280","4",
2,960,"230PTV280","4",
2,952,"230PTV280","4",
2,950,"230PTV280","4",
2,954,"230PTV280","4",
2,950,"230PTV282","4",
2,958,"230PTV282","4",
2,960,"230PTV282","4",
2,952,"230PTV282","4",
2,948,"230PTV510","D",
2,952,"230PTV714","C",
2,954,"230PTV714","C",
2,950,"230PTV714","C",
2,960,"230PTV714","C",
2,950,"230PTV716","C",
2,960,"230PTV716","C",
2,952,"230PTV716","C",
2,950,"230PTV718","C",
2,960,"230PTV718","C",
2,952,"230PTV754","D",
2,960,"230PTV754","D",
2,950,"230PTV754","D",
2,950,"230PTV756","C",
2,952,"230PTV756","C",
2,960,"230PTV756","C",
2,950,"230PTV758","4",
2,960,"230PTV758","4",
2,950,"230PTV760","C",
2,960,"230PTV760","C",
2,952,"230PTV760","C",
2,960,"230PTV761","C",
2,950,"230PTV761","C",
2,958,"230PTV761","C",
2,956,"230PTV761","C",
2,954,"230PTV761","C",
2,952,"230PTV761","C",
2,948,"230PTV761","C",
2,846,"230PTV916","C",
2,745,"230PTV916","C",
2,747,"230PTV916","C",
2,840,"230PTV916","C",
2,803,"230PTV916","C",
2,811,"230PTV916","C",
2,842,"230PTV916","C",
2,844,"230PTV916","C",
2,700,"230PTV916","C",
2,701,"230PTV916","C",
2,702,"230PTV916","C",
2,703,"230PTV916","C",
2,711,"230PTV916","C",
2,802,"230PTV916","C",
2,940,"230PTV940","C",
2,948,"230PTV940","C",
2,942,"230PTV940","C",
2,944,"230PTV940","C",
2,946,"230PTV940","C",
2,739,"232PTV001","1",
2,728,"232PTV001","1",
2,735,"232PTV001","1",
2,737,"232PTV001","1",
2,734,"232PTV001","1",
2,739,"232PTV001","1",
2,740,"232PTV001","1",
2,999,"232PTV001","1",
2,724,"232PTV001","1",
2,729,"232PTV001","1",
2,39,"232PTV001","1",
2,736,"232PTV001","1",
3,501,"233PTV001","1",
2,541,"233PTV001","1",
2,541,"233PTV002","1",
3,501,"233PTV002","1",
3,501,"233PTV003","C",
2,541,"233PTV003","C",
2,18,"234PCI103","C",
2,77,"234PCI103","C",
2,30,"234PCI103","C",
2,25,"234PCI103","C",
2,85,"234PCI103","C",
2,88,"234PCI103","C",
2,67,"234PCI103","C",
2,22,"234PCI103","C",
2,27,"234PCI103","C",
2,66,"234PCI103","C",
2,28,"234PCI103","C",
2,29,"234PCI103","C",
2,26,"234PCI103","C",
2,86,"234PCI103","C",
2,87,"234PCI103","C",
2,31,"234PCI103","C",
2,19,"234PCI103","C",
2,23,"234PCI103","C",
2,24,"234PCI103","C",
2,21,"234PCI103","C",
2,32,"234PCI103","C",
2,29,"234PTV003","D",
2,26,"234PTV003","D",
2,86,"234PTV003","D",
2,21,"234PTV003","D",
2,22,"234PTV003","D",
2,87,"234PTV003","D",
2,24,"234PTV003","D",
2,18,"234PTV003","D",
2,25,"234PTV003","D",
2,88,"234PTV003","D",
2,23,"234PTV003","D",
2,19,"234PTV003","D",
2,85,"234PTV003","D",
2,26,"234PTV006","D",
2,22,"234PTV006","D",
2,28,"234PTV006","D",
2,66,"234PTV006","D",
2,25,"234PTV006","D",
2,77,"234PTV006","D",
2,21,"234PTV006","D",
2,24,"234PTV006","D",
2,27,"234PTV006","D",
2,29,"234PTV006","D",
2,30,"234PTV006","D",
2,67,"234PTV006","D",
2,88,"234PTV006","D",
2,85,"234PTV006","D",
2,32,"234PTV006","D",
2,18,"234PTV006","D",
2,23,"234PTV006","D",
2,19,"234PTV006","D",
2,31,"234PTV006","D",
2,87,"234PTV006","D",
2,86,"234PTV006","D",
2,23,"234PTV007","D",
2,26,"234PTV007","D",
2,18,"234PTV007","D",
2,77,"234PTV007","D",
2,67,"234PTV007","D",
2,32,"234PTV007","D",
2,21,"234PTV007","D",
2,30,"234PTV007","D",
2,25,"234PTV007","D",
2,19,"234PTV007","D",
2,88,"234PTV007","D",
2,66,"234PTV007","D",
2,31,"234PTV007","D",
2,24,"234PTV007","D",
2,28,"234PTV007","D",
2,87,"234PTV007","D",
2,85,"234PTV007","D",
2,22,"234PTV007","D",
2,86,"234PTV007","D",
2,29,"234PTV007","D",
2,27,"234PTV007","D",
2,23,"234PTV008","D",
2,24,"234PTV008","D",
2,21,"234PTV008","D",
2,77,"234PTV008","D",
2,25,"234PTV008","D",
2,66,"234PTV008","D",
2,28,"234PTV008","D",
2,22,"234PTV008","D",
2,26,"234PTV008","D",
2,86,"234PTV008","D",
2,19,"234PTV008","D",
2,87,"234PTV008","D",
2,31,"234PTV008","D",
2,18,"234PTV008","D",
2,32,"234PTV008","D",
2,85,"234PTV008","D",
2,88,"234PTV008","D",
2,67,"234PTV008","D",
2,30,"234PTV008","D",
2,29,"234PTV008","D",
2,27,"234PTV008","D",
2,25,"234PTV013","D",
2,85,"234PTV013","D",
2,25,"234PTV014","D",
2,85,"234PTV014","D",
2,85,"234PTV015","D",
2,25,"234PTV015","D",
2,85,"234PTV016","D",
2,25,"234PTV016","D",
2,25,"234PTV017","D",
2,85,"234PTV017","D",
2,85,"234PTV018","D",
2,31,"234PTV021","4",
2,80,"234PTV021","4",
2,87,"234PTV021","4",
2,18,"234PTV021","4",
2,29,"234PTV021","4",
2,19,"234PTV021","4",
2,32,"234PTV021","4",
2,77,"234PTV021","4",
2,86,"234PTV021","4",
2,27,"234PTV021","4",
2,26,"234PTV021","4",
2,23,"234PTV021","4",
2,66,"234PTV021","4",
2,30,"234PTV021","4",
2,67,"234PTV021","4",
2,28,"234PTV021","4",
2,25,"234PTV021","4",
2,88,"234PTV021","4",
2,85,"234PTV021","4",
2,22,"234PTV021","4",
2,21,"234PTV021","4",
2,24,"234PTV021","4",
2,87,"234PTV023","D",
2,19,"234PTV023","D",
2,86,"234PTV023","D",
2,26,"234PTV023","D",
2,22,"234PTV023","D",
2,28,"234PTV023","D",
2,66,"234PTV023","D",
2,77,"234PTV023","D",
2,21,"234PTV023","D",
2,24,"234PTV023","D",
2,27,"234PTV023","D",
2,23,"234PTV023","D",
2,25,"234PTV023","D",
2,29,"234PTV023","D",
2,30,"234PTV023","D",
2,67,"234PTV023","D",
2,88,"234PTV023","D",
2,85,"234PTV023","D",
2,32,"234PTV023","D",
2,18,"234PTV023","D",
2,31,"234PTV023","D",
2,30,"234PTV024","C",
2,31,"234PTV024","C",
2,85,"234PTV024","C",
2,29,"234PTV024","C",
2,27,"234PTV024","C",
2,21,"234PTV024","C",
2,22,"234PTV024","C",
2,88,"234PTV024","C",
2,28,"234PTV024","C",
2,67,"234PTV024","C",
2,24,"234PTV024","C",
2,77,"234PTV024","C",
2,86,"234PTV024","C",
2,32,"234PTV024","C",
2,18,"234PTV024","C",
2,25,"234PTV024","C",
2,87,"234PTV024","C",
2,23,"234PTV024","C",
2,19,"234PTV024","C",
2,66,"234PTV024","C",
2,26,"234PTV024","C",
2,18,"234PTV025","1",
2,32,"234PTV025","1",
2,85,"234PTV025","1",
2,88,"234PTV025","1",
2,67,"234PTV025","1",
2,30,"234PTV025","1",
2,25,"234PTV025","1",
2,27,"234PTV025","1",
2,66,"234PTV025","1",
2,28,"234PTV025","1",
2,22,"234PTV025","1",
2,26,"234PTV025","1",
2,86,"234PTV025","1",
2,29,"234PTV025","1",
2,23,"234PTV025","1",
2,87,"234PTV025","1",
2,31,"234PTV025","1",
2,19,"234PTV025","1",
2,24,"234PTV025","1",
2,21,"234PTV025","1",
2,77,"234PTV025","1",
2,26,"234PTV027","C",
2,18,"234PTV027","C",
2,87,"234PTV027","C",
2,21,"234PTV027","C",
2,85,"234PTV027","C",
2,88,"234PTV027","C",
2,77,"234PTV027","C",
2,86,"234PTV027","C",
2,20,"234PTV027","D",
2,67,"234PTV027","C",
2,66,"234PTV027","C",
2,24,"234PTV027","C",
2,23,"234PTV027","C",
2,19,"234PTV027","C",
2,22,"234PTV027","C",
2,25,"234PTV027","C",
2,25,"234PTV029","1",
2,25,"234PTV032","4",
2,85,"234PTV035","4",
2,85,"234PTV037","1",
2,25,"234PTV045","1",
2,80,"234PTV046","1",
2,25,"234PTV051","1",
2,999,"234PTV055","1",
2,999,"234PTV063","1",
2,32,"234PTV069","1",
2,18,"234PTV069","1",
2,24,"234PTV069","1",
2,19,"234PTV069","1",
2,31,"234PTV069","1",
2,87,"234PTV069","1",
2,23,"234PTV069","1",
2,29,"234PTV069","1",
2,86,"234PTV069","1",
2,26,"234PTV069","1",
2,28,"234PTV069","1",
2,77,"234PTV069","1",
2,66,"234PTV069","1",
2,21,"234PTV069","1",
2,27,"234PTV069","1",
2,22,"234PTV069","1",
2,67,"234PTV069","1",
2,88,"234PTV069","1",
2,30,"234PTV069","1",
2,31,"234PTV070","1",
2,32,"234PTV070","1",
2,23,"234PTV070","1",
2,29,"234PTV070","1",
2,77,"234PTV070","1",
2,88,"234PTV070","1",
2,21,"234PTV070","1",
2,67,"234PTV070","1",
2,86,"234PTV070","1",
2,27,"234PTV070","1",
2,26,"234PTV070","1",
2,22,"234PTV070","1",
2,28,"234PTV070","1",
2,19,"234PTV070","1",
2,24,"234PTV070","1",
2,18,"234PTV070","1",
2,30,"234PTV070","1",
2,66,"234PTV070","1",
2,87,"234PTV070","1",
2,21,"234PTV071","1",
2,77,"234PTV071","1",
2,66,"234PTV071","1",
2,28,"234PTV071","1",
2,22,"234PTV071","1",
2,26,"234PTV071","1",
2,86,"234PTV071","1",
2,23,"234PTV071","1",
2,87,"234PTV071","1",
2,31,"234PTV071","1",
2,19,"234PTV071","1",
2,24,"234PTV071","1",
2,18,"234PTV071","1",
2,32,"234PTV071","1",
2,30,"234PTV071","1",
2,88,"234PTV071","1",
2,67,"234PTV071","1",
2,29,"234PTV071","1",
2,27,"234PTV071","1",
2,26,"234PTV073","1",
2,26,"234PTV075","1",
2,32,"234PTV075","1",
2,88,"234PTV075","1",
2,86,"234PTV075","1",
2,28,"234PTV075","1",
2,19,"234PTV075","1",
2,66,"234PTV075","1",
2,31,"234PTV075","1",
2,27,"234PTV075","1",
2,77,"234PTV075","1",
2,18,"234PTV075","1",
2,22,"234PTV075","1",
2,24,"234PTV075","1",
2,23,"234PTV075","1",
2,21,"234PTV075","1",
2,29,"234PTV075","1",
2,30,"234PTV075","1",
2,67,"234PTV075","1",
2,87,"234PTV075","1",
2,26,"234PTV076","1",
2,28,"234PTV076","1",
2,29,"234PTV076","1",
2,27,"234PTV076","1",
2,32,"234PTV076","1",
2,30,"234PTV076","1",
2,88,"234PTV080","4",
2,32,"234PTV080","4",
2,18,"234PTV080","4",
2,24,"234PTV080","4",
2,23,"234PTV080","4",
2,26,"234PTV080","4",
2,19,"234PTV080","4",
2,31,"234PTV080","4",
2,87,"234PTV080","4",
2,86,"234PTV080","4",
2,22,"234PTV080","4",
2,28,"234PTV080","4",
2,77,"234PTV080","4",
2,66,"234PTV080","4",
2,21,"234PTV080","4",
2,27,"234PTV080","4",
2,29,"234PTV080","4",
2,30,"234PTV080","4",
2,67,"234PTV080","4",
2,88,"234PTV081","D",
2,88,"234PTV082","4",
2,66,"234PTV090","4",
2,77,"234PTV090","4",
2,67,"234PTV090","4",
2,66,"234PTV091","D",
2,77,"234PTV091","D",
2,67,"234PTV091","D",
2,66,"234PTV092","1",
2,67,"234PTV092","1",
2,90,"234PTV094","1",
2,90,"234PTV095","D",
2,90,"234PTV096","D",
2,90,"234PTV097","D",
2,90,"234PTV099","D",
2,25,"234PTV105","1",
2,77,"234PTV112","C",
2,30,"234PTV112","C",
2,88,"234PTV112","C",
2,18,"234PTV112","C",
2,32,"234PTV112","C",
2,21,"234PTV112","C",
2,24,"234PTV112","C",
2,23,"234PTV112","C",
2,19,"234PTV112","C",
2,31,"234PTV112","C",
2,87,"234PTV112","C",
2,86,"234PTV112","C",
2,22,"234PTV112","C",
2,66,"234PTV112","C",
2,29,"234PTV112","C",
2,67,"234PTV112","C",
2,999,"234PTV113","C",
2,66,"234PTV122","4",
2,67,"234PTV122","4",
2,23,"234PTV130","D",
2,88,"234PTV130","D",
2,87,"234PTV130","D",
2,77,"234PTV130","D",
2,67,"234PTV130","D",
2,66,"234PTV130","D",
2,19,"234PTV130","D",
2,66,"234PTV131","D",
2,19,"234PTV131","D",
2,77,"234PTV131","D",
2,88,"234PTV131","D",
2,23,"234PTV131","D",
2,87,"234PTV131","D",
2,67,"234PTV131","D",
2,66,"234PTV132","D",
2,88,"234PTV132","D",
2,77,"234PTV132","D",
2,87,"234PTV132","D",
2,23,"234PTV132","D",
2,67,"234PTV132","D",
2,19,"234PTV132","D",
2,23,"234PTV133","1",
2,77,"234PTV133","1",
2,757,"234PTV133","1",
2,19,"234PTV133","1",
2,66,"234PTV133","1",
2,67,"234PTV133","1",
2,19,"234PTV134","4",
2,67,"234PTV134","4",
2,66,"234PTV134","4",
2,88,"234PTV134","4",
2,23,"234PTV134","4",
2,87,"234PTV134","4",
2,77,"234PTV134","4",
2,23,"234PTV135","D",
2,77,"234PTV135","D",
2,87,"234PTV135","D",
2,19,"234PTV135","D",
2,67,"234PTV135","D",
2,66,"234PTV135","D",
2,88,"234PTV135","D",
2,77,"234PTV136","D",
2,67,"234PTV136","D",
2,19,"234PTV136","D",
2,23,"234PTV136","D",
2,87,"234PTV136","D",
2,66,"234PTV136","D",
2,88,"234PTV136","D",
2,23,"234PTV137","4",
2,88,"234PTV137","4",
2,87,"234PTV137","4",
2,19,"234PTV137","4",
2,19,"234PTV138","1",
2,23,"234PTV138","1",
2,87,"234PTV139","D",
2,940,"234PTV139","D",
2,946,"234PTV139","D",
2,948,"234PTV139","D",
2,944,"234PTV139","D",
2,942,"234PTV139","D",
2,88,"234PTV139","D",
2,66,"234PTV140","D",
2,67,"234PTV140","D",
2,67,"234PTV141","D",
2,66,"234PTV141","D",
2,66,"234PTV142","D",
2,67,"234PTV142","D",
2,87,"234PTV150","4",
2,88,"234PTV150","4",
2,32,"234PTV203","D",
2,29,"234PTV203","D",
2,28,"234PTV203","D",
2,31,"234PTV203","D",
2,30,"234PTV203","D",
2,27,"234PTV203","D",
2,30,"234PTV227","C",
2,32,"234PTV227","C",
2,29,"234PTV227","C",
2,28,"234PTV227","C",
2,31,"234PTV227","C",
2,27,"234PTV227","C",
2,80,"234PTV807","D",
2,86,"234PTV808","4",
2,87,"234PTV808","4",
2,88,"234PTV808","4",
3,486,"237PVV013","C",
3,486,"237PVV028","1",
3,486,"237PVV029","1",
3,486,"237PVV030","C",
3,486,"237PVV031","1",
3,600,"239CTT100","1",
3,602,"239CTT100","1",
3,602,"239CTT103","1",
3,600,"239CTT103","1",
3,602,"239CTT104","1",
3,600,"239CTT107","4",
3,601,"239CTT107","4",
3,923,"239CTT109","C",
3,923,"239CTT167","1",
3,605,"239PVV113","C",
3,601,"239PVV113","C",
3,602,"239PVV113","C",
3,600,"239PVV113","C",
3,605,"239PVV114","4",
3,602,"239PVV114","4",
2,760,"242PTV049","1",
2,948,"247CTT009","C",
2,541,"250CTT002","C",
2,540,"250CTT002","1",
3,501,"250CTT002","C",
3,500,"250CTT002","1",
3,506,"250CTT002","1",
2,640,"250PTV840","C",
2,636,"250PTV840","C",
2,628,"250PTV840","C",
2,624,"250PTV840","C",
2,622,"250PTV840","C",
2,638,"250PTV840","C",
2,630,"250PTV841","1",
2,620,"250PTV841","1",
3,777,"266CAL000","C",
3,777,"266CTT001","C",
3,777,"266CTT002","C",
3,999,"266PTV001","1",
3,93,"266PTV001","1",
3,95,"266PTV001","1",
3,97,"266PTV001","1",
3,99,"266PTV001","1",
3,999,"266PTV002","1",
3,999,"266PTV002","1",
3,999,"266PTV002","1",
3,999,"266PTV002","1",
3,999,"266PTV002","1",
3,999,"266PTV002","1",
3,999,"266PTV002","1",
3,999,"266PTV002","1",
3,999,"266PTV002","1",
3,999,"266PTV002","1",
3,95,"266PTV003","5",
3,93,"266PTV004","C",
3,97,"266PTV004","C",
3,99,"266PTV004","C",
3,93,"266PTV017","C",
3,99,"266PTV017","C",
3,93,"266PTV020","C",
3,97,"266PTV020","C",
3,99,"266PTV020","C",
3,93,"266PTV023","C",
3,99,"266PTV023","C",
3,97,"266PTV023","C",
3,93,"266PTV026","C",
3,99,"266PTV026","C",
3,97,"266PTV026","C",
3,93,"266PTV027","C",
3,97,"266PTV027","C",
3,99,"266PTV027","C",
3,97,"266PTV028","C",
3,99,"266PTV028","C",
3,93,"266PTV028","C",
3,99,"266PTV029","C",
3,93,"266PTV029","C",
3,93,"266PTV032","C",
3,99,"266PTV032","C",
3,99,"266PTV033","C",
3,97,"266PTV033","C",
3,93,"266PTV033","C",
3,99,"266PTV037","C",
3,93,"266PTV037","C",
3,97,"266PTV044","C",
3,93,"266PTV044","C",
3,99,"266PTV044","C",
3,91,"266PTV068","1",
3,94,"266PTV080","5",
3,173,"266PTV080","5",
3,98,"266PTV080","5",
3,91,"266PTV085","C",
3,91,"266PTV086","C",
3,97,"266PTV119","C",
3,97,"266PTV120","C",
3,97,"266PTV123","C",
3,97,"266PTV128","C",
3,97,"266PTV131","C",
3,97,"266PTV146","C",
3,173,"266PTV173","1",
3,95,"266PTV175","1",
3,93,"266PTV175","1",
3,97,"266PTV175","1",
3,99,"266PTV175","1",
3,95,"266PTV181","C",
3,99,"266PTV200","C",
3,237,"266PTV421","4",
2,751,"268GTV101","C",
2,752,"268GTV101","C",
2,762,"268GTV101","C",
2,751,"268GTV104","C",
2,752,"268GTV104","C",
2,762,"268GTV104","C",
2,762,"268GTV106","4",
2,752,"268GTV106","4",
2,751,"268GTV106","4",
2,752,"268GTV108","C",
2,751,"268GTV108","C",
2,762,"268GTV108","C",
2,751,"268PTV102","1",
2,762,"268PTV102","1",
2,752,"268PTV102","1",
2,752,"268PTV103","1",
2,751,"268PTV103","1",
2,762,"268PTV103","1",
2,752,"268PTV105","1",
2,751,"268PTV105","1",
2,762,"268PTV105","1",
2,762,"268PTV106","1",
2,722,"270GTV001","4",
2,787,"270PTV001","1",
2,738,"270PTV001","1",
2,722,"270PTV003","C",
2,722,"270PTV005","1",
2,722,"270PTV006","1",
2,722,"270PTV008","C",
2,722,"270PTV010","C",
2,722,"270PTV012","4",
2,722,"270PTV020","C",
2,999,"299CTT001","1",
3,999,"299CTT001","1",
2,999,"299CTT002","1",
2,999,"299CTT002","1",
2,999,"299CTT002","1",
2,999,"299CTT003","1",
2,999,"299CTT003","1",
2,999,"299CTT003","1",
2,999,"299CTT003","1",
2,999,"299CTT003","1",
2,999,"299CTT003","1",
3,999,"299CTT003","1",
2,999,"299CTT003","1",
2,999,"299CTT003","1",
3,999,"299CTT004","1",
2,999,"299CTT006","1",
3,999,"299CTT006","1",
2,999,"299CTT006","1",
2,999,"299CTT006","1",
2,999,"299CTT006","1",
2,999,"299CTT006","1",
3,999,"299CTT010","1",
2,999,"299CTT010","1",
2,999,"299CTT097","4",
3,455,"299GTV440","1",
3,999,"299GTV440","1",
3,450,"299GTV440","1",
2,999,"299GTV440","1",
3,470,"299GTV440","1",
3,440,"299GTV440","1",
2,844,"299GTV449","4",
2,21,"299GTV449","4",
2,87,"299GTV449","4",
2,719,"299GTV449","4",
2,842,"299GTV449","4",
2,765,"299GTV449","4",
2,764,"299GTV449","4",
2,840,"299GTV449","4",
2,88,"299GTV449","4",
2,749,"299GTV449","4",
2,792,"299GTV449","4",
2,792,"299GTV450","4",
2,87,"299GTV450","4",
2,21,"299GTV450","4",
2,749,"299GTV450","4",
2,764,"299GTV450","4",
2,88,"299GTV450","4",
2,844,"299GTV450","4",
2,719,"299GTV450","4",
2,842,"299GTV450","4",
2,765,"299GTV450","4",
2,840,"299GTV450","4",
2,999,"299GTV998","D",
3,999,"299GTV998","D",
2,793,"299PRC999","C",
2,721,"299PRC999","C",
3,999,"299PTV023","1",
2,999,"299PTV023","1",
2,999,"299PTV024","5",
3,999,"299PTV024","5",
3,160,"299PTV026","R",13/01/21
3,152,"299PTV026","R",
2,716,"299PTV026","R",
3,97,"299PTV026","R",
3,130,"299PTV026","R",
3,120,"299PTV026","R",
3,999,"299PTV026","R",
3,125,"299PTV026","R",
3,99,"299PTV026","R",
3,999,"299PTV026","R",
3,999,"299PTV026","R",
1,999,"299PTV026","R",
5,999,"299PTV026","R",
3,999,"299PTV026","R",
2,715,"299PTV026","R",
2,999,"299PTV026","R",
2,715,"299PTV026","R",
3,95,"299PTV026","R",
3,999,"299PTV026","R",
3,999,"299PTV026","R",
3,93,"299PTV026","R",
2,812,"299PTV026","R",
3,154,"299PTV026","R",
3,150,"299PTV026","R",
3,999,"299PTV026","R",
3,8,"299PTV026","R",
2,840,"299PTV026","R",
2,841,"299PTV026","R",
2,842,"299PTV026","R",
2,843,"299PTV026","R",
2,844,"299PTV026","R",
2,845,"299PTV026","R",
2,703,"299PTV026","R",
2,702,"299PTV026","R",
2,711,"299PTV026","R",
2,707,"299PTV026","R",
2,700,"299PTV026","R",
2,701,"299PTV026","R",
3,999,"299PTV026","R",
2,713,"299PTV026","R",
2,746,"299PTV026","R",
2,745,"299PTV026","R",
2,802,"299PTV026","R",
2,803,"299PTV026","R",
2,811,"299PTV026","R",
2,813,"299PTV026","R",
2,999,"299PTV027","1",
3,999,"299PTV027","D",
3,999,"299PTV027","1",
2,999,"299PTV027","D",
3,999,"299PTV028","1",
2,999,"299PTV040","1",
3,999,"299PTV040","1",
3,999,"299PTV041","1",
3,999,"299PTV047","C",
3,121,"299PTV300","4",
2,999,"299PTV444","1",
3,999,"299PTV444","1",
2,999,"299PTV445","1",
2,999,"299PTV447","1",
3,999,"299PTV447","1",
3,999,"299PTV448","1",
3,999,"299PTV449","D",
2,999,"299PTV449","D",
2,999,"299PTV452","1",
3,999,"299PTV452","1",
3,999,"299PTV455","C",
3,999,"299PTV455","C",
3,999,"299PTV455","C",
3,999,"299PTV455","C",
3,999,"299PTV456","C",
3,999,"299PTV456","C",
3,999,"299PTV456","C",
3,999,"299PTV456","C",
3,150,"299PTV463","1",
3,215,"299PTV463","1",
3,154,"299PTV463","1",
3,160,"299PTV463","1",13/01/21
3,152,"299PTV463","1",
3,755,"299PTV463","1",
3,76,"299PTV463","1",
3,1,"299PTV463","1",
3,8,"299PTV463","1",
3,215,"299PTV475","4",
3,218,"299PTV475","4",
3,45,"299PTV475","4",
3,200,"299PTV475","4",
3,76,"299PTV475","4",
3,125,"299PTV475","4",
3,120,"299PTV475","4",
3,1,"299PTV475","4",
3,40,"299PTV475","4",
3,154,"299PTV475","4",
3,95,"299PTV475","4",
3,220,"299PTV475","4",
3,152,"299PTV475","4",
3,790,"299PTV475","4",
3,97,"299PTV475","4",
3,8,"299PTV475","4",
3,999,"299REG001","1",
3,999,"299REG001","1",
3,999,"299REG001","8",
3,999,"299REG001","1",
3,999,"299REG001","1",
3,999,"299REG001","1",
3,999,"299REG001","1",
3,999,"299REG001","1",
2,846,"300DVV001","L",
2,942,"300DVV001","L",
2,944,"300DVV001","L",
2,946,"300DVV001","L",
2,745,"300DVV001","L",
2,747,"300DVV001","L",
2,748,"300DVV001","L",
2,840,"300DVV001","L",
2,940,"300DVV001","L",
2,735,"300DVV001","L",
2,716,"300DVV001","L",
2,744,"300DVV001","L",
2,754,"300DVV001","L",
2,798,"300DVV001","L",
2,712,"300DVV001","L",
2,714,"300DVV001","L",
2,721,"300DVV001","L",
2,749,"300DVV001","L",
2,791,"300DVV001","L",
2,793,"300DVV001","L",
2,797,"300DVV001","L",
2,727,"300DVV001","L",
2,731,"300DVV001","L",
2,737,"300DVV001","L",
2,700,"300DVV001","L",
2,701,"300DVV001","L",
2,702,"300DVV001","L",
2,711,"300DVV001","L",
2,802,"300DVV001","L",
2,803,"300DVV001","L",
2,811,"300DVV001","L",
2,812,"300DVV001","L",
2,842,"300DVV001","L",
2,844,"300DVV001","L",
2,942,"300DVV140","L",
2,944,"300DVV140","L",
2,846,"300DVV140","L",
2,844,"300DVV140","L",
2,842,"300DVV140","L",
2,812,"300DVV140","L",
2,811,"300DVV140","L",
2,803,"300DVV140","L",
2,946,"300DVV140","L",
2,745,"300DVV140","L",
2,747,"300DVV140","L",
2,748,"300DVV140","L",
2,840,"300DVV140","L",
2,940,"300DVV140","L",
2,735,"300DVV140","L",
2,716,"300DVV140","L",
2,744,"300DVV140","L",
2,754,"300DVV140","L",
2,798,"300DVV140","L",
2,712,"300DVV140","L",
2,714,"300DVV140","L",
2,721,"300DVV140","L",
2,749,"300DVV140","L",
2,791,"300DVV140","L",
2,793,"300DVV140","L",
2,797,"300DVV140","L",
2,727,"300DVV140","L",
2,731,"300DVV140","L",
2,737,"300DVV140","L",
2,700,"300DVV140","L",
2,701,"300DVV140","L",
2,702,"300DVV140","L",
2,711,"300DVV140","L",
2,802,"300DVV140","L",
2,999,"300LTI001","L",
3,999,"300LTI001","L",
2,999,"300LTI727","L",09/02/24
2,722,"300LVV008","L",04/04/25
3,999,"300LVV008","L",
3,315,"300STV301","L",
3,999,"300STZ001","B",
3,315,"315CTC001","1",
3,315,"315CTC003","1",
3,315,"315CTC004","4",
3,315,"315CTC005","1",
2,999,"315PTV001","1",
3,315,"315PTV001","1",
3,315,"315PTV001","P",
2,999,"315PTV001","1",
2,999,"315PTV001","1",
2,999,"315PTV001","1",
2,999,"315PTV001","1",
2,999,"315PTV001","1",
2,999,"315PTV001","1",
2,999,"315PTV001","1",
2,999,"315PTV001","1",
2,999,"315PTV001","1",
2,999,"315PTV001","1",
2,999,"315PTV001","1",
2,999,"315PTV001","1",
2,999,"315PTV001","1",
2,999,"315PTV001","1",
2,999,"315PTV001","1",
2,999,"315PTV001","1",
2,999,"315PTV001","1",
2,999,"315PTV001","1",
2,999,"315PTV001","1",
2,999,"315PTV001","1",
2,999,"315PTV001","1",
2,999,"315PTV001","1",
2,999,"315PTV001","1",
2,999,"315PTV001","1",
2,999,"315PTV001","1",
2,999,"315PTV001","1",
3,999,"315PTV001","1",
3,999,"315PTV001","1",
3,999,"315PTV001","1",
3,999,"315PTV001","1",
3,999,"315PTV001","1",
3,999,"315PTV001","1",
3,999,"315PTV001","1",
3,999,"315PTV001","1",
3,999,"315PTV001","1",
3,999,"315PTV001","1",
3,999,"315PTV001","1",
3,999,"315PTV001","1",
3,999,"315PTV001","1",
3,999,"315PTV001","1",
3,999,"315PTV001","1",
3,999,"315PTV001","1",
3,999,"315PTV001","1",
3,999,"315PTV001","1",
3,999,"315PTV001","1",
3,999,"315PTV001","1",
3,999,"315PTV001","1",
3,999,"315PTV001","1",
3,999,"315PTV001","1",
3,999,"315PTV001","1",
3,999,"315PTV001","1",
3,999,"315PTV001","1",
3,999,"315PTV001","1",
2,999,"315PTV001","1",
2,999,"315PTV001","1",
2,999,"315PTV001","1",
3,999,"315PTV001","1",
2,999,"315PTV001","1",
3,315,"315PTV002","1",
3,315,"315PTV003","1",
2,735,"322LCI001","L",
3,999,"333LTI002","L",
3,778,"366LTI001","L",06/12/22
3,778,"366LTI002","L",06/12/22
2,765,"700DVV056","S",
2,764,"700DVV056","S",
2,766,"700DVV056","S",
2,765,"700DVV057","S",
2,764,"700DVV057","S",
2,766,"700DVV057","S",
2,765,"700DVV058","S",
2,797,"700DVV140","X",
2,727,"700DVV140","X",
2,731,"700DVV140","X",
2,737,"700DVV140","X",
2,700,"700DVV140","X",
2,701,"700DVV140","X",
2,702,"700DVV140","X",
2,711,"700DVV140","X",
2,802,"700DVV140","X",
2,803,"700DVV140","X",
2,811,"700DVV140","X",
2,812,"700DVV140","X",
2,842,"700DVV140","X",
2,844,"700DVV140","X",
2,846,"700DVV140","X",
2,942,"700DVV140","X",
2,944,"700DVV140","X",
2,946,"700DVV140","X",
2,745,"700DVV140","X",
2,747,"700DVV140","X",
2,748,"700DVV140","X",
2,840,"700DVV140","X",
2,940,"700DVV140","X",
2,735,"700DVV140","X",
2,716,"700DVV140","X",
2,744,"700DVV140","X",
2,793,"700DVV140","X",
2,791,"700DVV140","X",
2,749,"700DVV140","X",
2,721,"700DVV140","X",
2,714,"700DVV140","X",
2,712,"700DVV140","X",
2,754,"700DVV140","X",
2,798,"700DVV140","X",
2,999,"700DVV727","1",09/02/24
2,999,"700DVV727","M",09/02/24
3,999,"700ETI795","E",
3,999,"700ETI796","X",
3,999,"700ETI796","E",
3,999,"700ETI797","E",
3,999,"700ETI798","E",
3,999,"700ETV001","E",
3,999,"700ETV001","X",
2,999,"700ETV008","E",
2,999,"700ETV008","X",
3,250,"700ETV400","S",
2,999,"700ETV701","E",
2,999,"700ETV701","X",
3,999,"700ETV701","X",
3,999,"700ETV701","E",
2,999,"700FTZ001","F",
3,999,"700FTZ001","F",
3,315,"700STV300","E",
3,315,"700STV300","X",
2,735,"700STV302","S",
3,999,"700STV800","X",
3,999,"700STV800","E",
2,999,"700STZ001","3",
2,999,"700STZ001","1",
3,999,"700STZ001","3",
3,999,"700STZ001","1",
2,762,"700STZ018","1",
3,150,"700STZ030","1",
3,160,"700STZ030","1",13/01/21
3,999,"700STZ052","L",17/04/15
3,999,"700STZ054","1",17/04/15
3,778,"700STZ054","L",06/12/22
3,999,"700STZ055","E",17/04/15
2,999,"700STZ101","S",
3,999,"700STZ101","M",
3,999,"700STZ101","S",
2,999,"700STZ101","M",
3,250,"700STZ110","S",06/03/24
3,250,"700STZ110","M",06/03/24
3,250,"700STZ114","M",10/04/24
3,999,"700STZ200","1",22/08/14
2,999,"700STZ200","1",
3,55,"700STZ300","1",17/04/15
3,215,"700STZ300","1",17/04/15
3,95,"700STZ300","1",17/04/15
3,112,"700STZ300","1",17/04/15
3,121,"700STZ300","1",17/04/15
3,876,"700STZ300","1",17/04/15
3,601,"700STZ300","1",17/04/15
3,600,"700STZ300","1",17/04/15
3,221,"700STZ300","1",17/04/15
3,222,"700STZ300","1",17/04/15
3,223,"700STZ300","1",17/04/15
3,225,"700STZ300","1",17/04/15
3,230,"700STZ300","1",17/04/15
3,235,"700STZ300","1",17/04/15
3,103,"700STZ300","1",17/04/15
3,110,"700STZ300","1",17/04/15
3,115,"700STZ300","1",17/04/15
3,116,"700STZ300","1",17/04/15
3,117,"700STZ300","1",17/04/15
3,119,"700STZ300","1",17/04/15
3,120,"700STZ300","1",17/04/15
3,90,"700STZ300","1",17/04/15
3,91,"700STZ300","1",17/04/15
3,93,"700STZ300","1",17/04/15
3,173,"700STZ300","1",17/04/15
3,444,"700STZ300","1",17/04/15
3,460,"700STZ300","1",17/04/15
3,461,"700STZ300","1",17/04/15
3,480,"700STZ300","1",17/04/15
3,481,"700STZ300","1",17/04/15
3,237,"700STZ300","1",17/04/15
3,755,"700STZ300","1",17/04/15
3,45,"700STZ300","1",17/04/15
3,127,"700STZ300","1",17/04/15
3,129,"700STZ300","1",17/04/15
3,910,"700STZ300","1",17/04/15
3,125,"700STZ300","1",17/04/15
3,130,"700STZ300","1",17/04/15
3,136,"700STZ300","1",17/04/15
3,140,"700STZ300","1",17/04/15
3,150,"700STZ300","1",17/04/15
3,152,"700STZ300","1",17/04/15
3,154,"700STZ300","1",17/04/15
3,200,"700STZ300","1",17/04/15
3,213,"700STZ300","1",17/04/15
3,214,"700STZ300","1",17/04/15
3,217,"700STZ300","1",17/04/15
3,218,"700STZ300","1",17/04/15
3,219,"700STZ300","1",17/04/15
3,220,"700STZ300","1",17/04/15
3,160,"700STZ300","1",13/01/21
3,94,"700STZ300","1",17/04/15
3,97,"700STZ300","1",17/04/15
3,98,"700STZ300","1",17/04/15
3,99,"700STZ300","1",17/04/15
3,1,"700STZ300","1",17/04/15
3,8,"700STZ300","1",17/04/15
3,35,"700STZ300","1",17/04/15
3,40,"700STZ300","1",17/04/15
3,60,"700STZ300","1",17/04/15
3,74,"700STZ300","1",17/04/15
3,75,"700STZ300","1",17/04/15
3,76,"700STZ300","1",17/04/15
3,77,"700STZ300","1",17/04/15
3,78,"700STZ300","1",17/04/15
3,79,"700STZ300","1",17/04/15
3,760,"700STZ300","1",17/04/15
3,770,"700STZ300","1",17/04/15
3,780,"700STZ300","1",17/04/15
3,790,"700STZ300","1",17/04/15
3,109,"700STZ300","1",17/04/15
3,90,"700STZ301","L",17/04/15
3,91,"700STZ301","L",17/04/15
3,93,"700STZ301","L",17/04/15
3,173,"700STZ301","L",17/04/15
3,444,"700STZ301","L",17/04/15
3,460,"700STZ301","L",17/04/15
3,461,"700STZ301","L",17/04/15
3,480,"700STZ301","L",17/04/15
3,481,"700STZ301","L",17/04/15
3,237,"700STZ301","L",17/04/15
3,755,"700STZ301","L",17/04/15
3,45,"700STZ301","L",17/04/15
3,127,"700STZ301","L",17/04/15
3,129,"700STZ301","L",17/04/15
3,910,"700STZ301","L",17/04/15
3,130,"700STZ301","L",17/04/15
3,136,"700STZ301","L",17/04/15
3,140,"700STZ301","L",17/04/15
3,150,"700STZ301","L",17/04/15
3,152,"700STZ301","L",17/04/15
3,154,"700STZ301","L",17/04/15
3,200,"700STZ301","L",17/04/15
3,213,"700STZ301","L",17/04/15
3,214,"700STZ301","L",17/04/15
3,217,"700STZ301","L",17/04/15
3,218,"700STZ301","L",17/04/15
3,219,"700STZ301","L",17/04/15
3,220,"700STZ301","L",17/04/15
3,160,"700STZ301","L",13/01/21
3,94,"700STZ301","L",17/04/15
3,97,"700STZ301","L",17/04/15
3,98,"700STZ301","L",17/04/15
3,99,"700STZ301","L",17/04/15
3,1,"700STZ301","L",17/04/15
3,8,"700STZ301","L",17/04/15
3,35,"700STZ301","L",17/04/15
3,40,"700STZ301","L",17/04/15
3,60,"700STZ301","L",17/04/15
3,74,"700STZ301","L",17/04/15
3,75,"700STZ301","L",17/04/15
3,76,"700STZ301","L",17/04/15
3,77,"700STZ301","L",17/04/15
3,78,"700STZ301","L",17/04/15
3,79,"700STZ301","L",17/04/15
3,760,"700STZ301","L",17/04/15
3,770,"700STZ301","L",17/04/15
3,780,"700STZ301","L",17/04/15
3,790,"700STZ301","L",17/04/15
3,109,"700STZ301","L",17/04/15
3,55,"700STZ301","L",17/04/15
3,215,"700STZ301","L",17/04/15
3,95,"700STZ301","L",17/04/15
3,112,"700STZ301","L",17/04/15
3,121,"700STZ301","L",17/04/15
3,876,"700STZ301","L",17/04/15
3,601,"700STZ301","L",17/04/15
3,600,"700STZ301","L",17/04/15
3,221,"700STZ301","L",17/04/15
3,222,"700STZ301","L",17/04/15
3,223,"700STZ301","L",17/04/15
3,225,"700STZ301","L",17/04/15
3,230,"700STZ301","L",17/04/15
3,235,"700STZ301","L",17/04/15
3,103,"700STZ301","L",17/04/15
3,110,"700STZ301","L",17/04/15
3,115,"700STZ301","L",17/04/15
3,116,"700STZ301","L",17/04/15
3,117,"700STZ301","L",17/04/15
3,119,"700STZ301","L",17/04/15
3,120,"700STZ301","L",17/04/15
3,125,"700STZ301","L",17/04/15
3,600,"700STZ302","E",17/04/15
3,760,"700STZ302","E",17/04/15
3,770,"700STZ302","E",17/04/15
3,780,"700STZ302","E",17/04/15
3,790,"700STZ302","E",17/04/15
3,109,"700STZ302","E",17/04/15
3,55,"700STZ302","E",17/04/15
3,215,"700STZ302","E",17/04/15
3,95,"700STZ302","E",17/04/15
3,112,"700STZ302","E",17/04/15
3,121,"700STZ302","E",17/04/15
3,876,"700STZ302","E",17/04/15
3,601,"700STZ302","E",17/04/15
3,221,"700STZ302","E",17/04/15
3,222,"700STZ302","E",17/04/15
3,223,"700STZ302","E",17/04/15
3,225,"700STZ302","E",17/04/15
3,230,"700STZ302","E",17/04/15
3,99,"700STZ302","E",17/04/15
3,103,"700STZ302","E",17/04/15
3,110,"700STZ302","E",17/04/15
3,115,"700STZ302","E",17/04/15
3,116,"700STZ302","E",17/04/15
3,117,"700STZ302","E",17/04/15
3,119,"700STZ302","E",17/04/15
3,120,"700STZ302","E",17/04/15
3,125,"700STZ302","E",17/04/15
3,130,"700STZ302","E",17/04/15
3,136,"700STZ302","E",17/04/15
3,140,"700STZ302","E",17/04/15
3,150,"700STZ302","E",17/04/15
3,152,"700STZ302","E",17/04/15
3,154,"700STZ302","E",17/04/15
3,200,"700STZ302","E",17/04/15
3,213,"700STZ302","E",17/04/15
3,214,"700STZ302","E",17/04/15
3,217,"700STZ302","E",17/04/15
3,218,"700STZ302","E",17/04/15
3,219,"700STZ302","E",17/04/15
3,220,"700STZ302","E",17/04/15
3,160,"700STZ302","E",13/01/21
3,93,"700STZ302","E",17/04/15
3,94,"700STZ302","E",17/04/15
3,97,"700STZ302","E",17/04/15
3,98,"700STZ302","E",17/04/15
3,1,"700STZ302","E",17/04/15
3,8,"700STZ302","E",17/04/15
3,35,"700STZ302","E",17/04/15
3,40,"700STZ302","E",17/04/15
3,60,"700STZ302","E",17/04/15
3,74,"700STZ302","E",17/04/15
3,75,"700STZ302","E",17/04/15
3,76,"700STZ302","E",17/04/15
3,77,"700STZ302","E",17/04/15
3,78,"700STZ302","E",17/04/15
3,79,"700STZ302","E",17/04/15
3,90,"700STZ302","E",17/04/15
3,91,"700STZ302","E",17/04/15
3,235,"700STZ302","E",17/04/15
3,173,"700STZ302","E",17/04/15
3,444,"700STZ302","E",17/04/15
3,460,"700STZ302","E",17/04/15
3,461,"700STZ302","E",17/04/15
3,480,"700STZ302","E",17/04/15
3,481,"700STZ302","E",17/04/15
3,237,"700STZ302","E",17/04/15
3,755,"700STZ302","E",17/04/15
3,45,"700STZ302","E",17/04/15
3,127,"700STZ302","E",17/04/15
3,129,"700STZ302","E",17/04/15
3,910,"700STZ302","E",17/04/15
2,999,"700STZ700","M",
2,999,"700STZ700","S",
3,999,"700STZ700","1",
3,999,"700STZ700","S",
3,999,"700STZ700","M",
2,999,"700STZ700","1",
3,315,"700STZ700","S",
3,999,"700STZ700","3",
3,315,"700STZ700","1",
3,999,"704ETV001","X",
3,999,"704ETV001","E",
3,999,"704STZ001","1",
3,999,"707STZ001","1",
3,40,"715STV001","S",
3,45,"715STV001","S",
3,40,"715STV004","E",
3,45,"715STV004","E",
3,40,"715STV007","E",
3,45,"715STV007","E",
3,40,"715STZ040","M",23/09/14
3,999,"716STZ001","M",
3,999,"716STZ001","S",
3,999,"716STZ002","L",
2,958,"718DVV001","S",01/02/23
2,956,"718DVV001","S",01/02/23
2,754,"718STV001","S",17/12/15
2,754,"718STV001","M",17/12/15
2,754,"718STV002","S",17/12/15
2,754,"718STV002","M",17/12/15
2,721,"721CTT001","C",
2,761,"729PVV012","L",04/08/15
2,999,"730STZ001","1",
2,999,"730STZ002","1",
3,506,"733STZ001","S",
3,500,"733STZ001","S",
3,501,"733STZ001","S",
3,500,"733STZ003","S",
3,506,"733STZ003","M",
3,500,"733STZ003","M",
3,501,"733STZ003","S",
3,501,"733STZ003","M",
3,506,"733STZ003","S",
3,501,"733STZ004","S",
3,506,"733STZ004","S",
3,500,"733STZ004","S",
3,506,"733STZ005","S",
3,500,"733STZ005","S",
3,501,"733STZ005","S",
3,500,"733STZ007","S",
3,506,"733STZ007","S",
3,501,"733STZ007","S",
3,506,"733STZ010","S",
3,501,"733STZ010","S",
3,500,"733STZ010","S",
3,506,"733STZ011","S",
3,500,"733STZ011","S",
3,501,"733STZ011","S",
3,501,"733STZ014","S",
3,501,"733STZ016","S",
3,501,"733STZ019","S",
3,506,"733STZ021","M",
3,500,"733STZ021","M",
3,501,"733STZ021","M",
2,31,"734ETV023","X",
2,22,"734ETV023","X",
5,759,"742PVV003","E",
5,759,"742PVV003","X",
2,944,"747STV001","S",18/08/15
2,944,"747STV001","M",18/08/15
2,946,"747STV001","S",18/08/15
2,942,"747STV001","M",18/08/15
2,942,"747STV001","S",18/08/15
2,946,"747STV001","M",18/08/15
2,950,"747STV002","M",
2,940,"748STV001","S",18/08/15
2,940,"748STV001","M",18/08/15
2,759,"759CTT001","D",21/07/25
2,759,"759LVV001","L",
2,760,"760ZTZ001","S",
3,999,"766LTI001","1",06/12/22
2,67,"766PVV030","X",22/06/23
2,67,"766PVV030","E",22/06/23
2,66,"766PVV030","X",22/06/23
2,77,"766PVV030","X",22/06/23
2,77,"766PVV030","E",22/06/23
2,66,"766PVV030","E",22/06/23
2,763,"768BCT001","L",30/10/25
2,762,"768BCT001","L",30/10/25
2,752,"768BCT001","L",30/10/25
2,751,"768BCT001","L",30/10/25
2,762,"768LTI001","L",01/05/23
2,763,"768LTI001","L",01/05/23
2,722,"770STZ700","M",
2,722,"770STZ700","S",
2,722,"770STZ703","X",
2,722,"770STZ703","E",
3,778,"778CTT001","1",
3,250,"799DVV080","M",10/04/24
3,250,"799DVV081","S",06/03/24
3,250,"799DVV082","M",28/05/24
2,738,"799STV001","1",
2,738,"799STV001","S",
3,999,"799STV002","X",22/07/15
3,999,"799STV002","E",22/07/15
3,999,"799STV002","G",22/07/15
3,923,"922PTV001","4",
2,922,"922PTV001","4",
3,923,"922PTV002","1",
2,922,"922PTV002","1",
2,922,"922PTV003","1",
3,923,"922PTV005","C",
2,922,"922PTV005","C",
2,922,"922PTV006","1",
3,923,"922PTV006","1",
2,922,"922PTV008","1",
3,923,"922PTV010","1",
3,923,"922PTV011","D",
2,922,"923PTV002","4",
3,923,"923PTV002","4",
3,923,"923PTV003","C",
2,922,"923PTV003","C",
2,954,"954CTT001","E",01/04/20
2,954,"954CTT001","S",01/04/20
2,954,"954CTT003","E",01/04/20
2,954,"954CTT003","S",01/04/20
2,954,"954CTT005","E",01/04/20
2,954,"954CTT005","S",01/04/20
1,999,"999CTT001","1",
2,999,"999CTT001","1",
3,999,"999CTT001","1",
3,103,"999CTT002","1",
2,922,"999CTT003","1",
3,923,"999CTT003","1",
